"movie_title","title_year","imdb_score","aspect_ratio","genres"
"Pirates of the Caribbean: At World's End",2007,7.1,2.35,"Action|Adventure|Fantasy"
"Spectre",2015,6.8,2.35,"Action|Adventure|Thriller"
"The Dark Knight Rises",2012,8.5,2.35,"Action|Thriller"
"John Carter",2012,6.6,2.35,"Action|Adventure|Sci-Fi"
"Spider-Man 3",2007,6.2,2.35,"Action|Adventure|Romance"
"Tangled",2010,7.8,1.85,"Adventure|Animation|Comedy|Family|Fantasy|Musical|Romance"
"Avengers: Age of Ultron",2015,7.5,2.35,"Action|Adventure|Sci-Fi"
"Harry Potter and the Half-Blood Prince",2009,7.5,2.35,"Adventure|Family|Fantasy|Mystery"
"Batman v Superman: Dawn of Justice",2016,6.9,2.35,"Action|Adventure|Sci-Fi"
"Superman Returns",2006,6.1,2.35,"Action|Adventure|Sci-Fi"
"Quantum of Solace",2008,6.7,2.35,"Action|Adventure"
"Pirates of the Caribbean: Dead Man's Chest",2006,7.3,2.35,"Action|Adventure|Fantasy"
"The Lone Ranger",2013,6.5,2.35,"Action|Adventure|Western"
"Man of Steel",2013,7.2,2.35,"Action|Adventure|Fantasy|Sci-Fi"
"The Chronicles of Narnia: Prince Caspian",2008,6.6,2.35,"Action|Adventure|Family|Fantasy"
"The Avengers",2012,8.1,1.85,"Action|Adventure|Sci-Fi"
"Pirates of the Caribbean: On Stranger Tides",2011,6.7,2.35,"Action|Adventure|Fantasy"
"Men in Black 3",2012,6.8,1.85,"Action|Adventure|Comedy|Family|Fantasy|Sci-Fi"
"The Hobbit: The Battle of the Five Armies",2014,7.5,2.35,"Adventure|Fantasy"
"The Amazing Spider-Man",2012,7,2.35,"Action|Adventure|Fantasy"
"Robin Hood",2010,6.7,2.35,"Action|Adventure|Drama|History"
"The Hobbit: The Desolation of Smaug",2013,7.9,2.35,"Adventure|Fantasy"
"The Golden Compass",2007,6.1,2.35,"Adventure|Family|Fantasy"
"King Kong",2005,7.2,2.35,"Action|Adventure|Drama|Romance"
"Titanic",1997,7.7,2.35,"Drama|Romance"
"Captain America: Civil War",2016,8.2,2.35,"Action|Adventure|Sci-Fi"
"Battleship",2012,5.9,2.35,"Action|Adventure|Sci-Fi|Thriller"
"Skyfall",2012,7.8,2.35,"Action|Adventure|Thriller"
"Spider-Man 2",2004,7.3,2.35,"Action|Adventure|Fantasy|Romance"
"Iron Man 3",2013,7.2,2.35,"Action|Adventure|Sci-Fi"
"Alice in Wonderland",2010,6.5,1.85,"Adventure|Family|Fantasy"
"X-Men: The Last Stand",2006,6.8,2.35,"Action|Adventure|Fantasy|Sci-Fi|Thriller"
"Monsters University",2013,7.3,1.85,"Adventure|Animation|Comedy|Family|Fantasy"
"Transformers: Revenge of the Fallen",2009,6,2.35,"Action|Adventure|Sci-Fi"
"Transformers: Age of Extinction",2014,5.7,2.35,"Action|Adventure|Sci-Fi"
"Oz the Great and Powerful",2013,6.4,2.35,"Adventure|Family|Fantasy"
"The Amazing Spider-Man 2",2014,6.7,2.35,"Action|Adventure|Fantasy|Sci-Fi"
"TRON: Legacy",2010,6.8,2.35,"Action|Adventure|Sci-Fi"
"Cars 2",2011,6.3,2.35,"Adventure|Animation|Comedy|Family|Sport"
"Green Lantern",2011,5.6,2.35,"Action|Adventure|Sci-Fi"
"Toy Story 3",2010,8.3,1.85,"Adventure|Animation|Comedy|Family|Fantasy"
"Terminator Salvation",2009,6.6,2.35,"Action|Adventure|Sci-Fi"
"Furious 7",2015,7.2,2.35,"Action|Crime|Thriller"
"World War Z",2013,7,2.35,"Action|Adventure|Horror|Sci-Fi|Thriller"
"X-Men: Days of Future Past",2014,8,2.35,"Action|Adventure|Fantasy|Sci-Fi|Thriller"
"Star Trek Into Darkness",2013,7.8,2.35,"Action|Adventure|Sci-Fi"
"Jack the Giant Slayer",2013,6.3,2.35,"Adventure|Fantasy"
"The Great Gatsby",2013,7.3,2.35,"Drama|Romance"
"Prince of Persia: The Sands of Time",2010,6.6,2.35,"Action|Adventure|Fantasy|Romance"
"Pacific Rim",2013,7,1.85,"Action|Adventure|Sci-Fi"
"Transformers: Dark of the Moon",2011,6.3,2.35,"Action|Adventure|Sci-Fi"
"Indiana Jones and the Kingdom of the Crystal Skull",2008,6.2,2.35,"Action|Adventure|Fantasy"
"Brave",2012,7.2,2.35,"Adventure|Animation|Comedy|Family|Fantasy"
"WALL·E",2008,8.4,2.35,"Adventure|Animation|Family|Sci-Fi"
"Rush Hour 3",2007,6.2,2.35,"Action|Comedy|Crime|Thriller"
"2012",2009,5.8,2.35,"Action|Adventure|Sci-Fi"
"Jupiter Ascending",2015,5.4,2.35,"Action|Adventure|Sci-Fi"
"The Chronicles of Narnia: The Lion, the Witch and the Wardrobe",2005,6.9,2.35,"Adventure|Family|Fantasy"
"X-Men: Apocalypse",2016,7.3,2.35,"Action|Adventure|Sci-Fi"
"The Dark Knight",2008,9,2.35,"Action|Crime|Drama|Thriller"
"Up",2009,8.3,1.85,"Adventure|Animation|Comedy|Family"
"Monsters vs. Aliens",2009,6.5,2.35,"Action|Adventure|Animation|Comedy|Family|Sci-Fi"
"Iron Man",2008,7.9,2.35,"Action|Adventure|Sci-Fi"
"Hugo",2011,7.5,1.85,"Adventure|Drama|Family|Mystery"
"Wild Wild West",1999,4.8,1.85,"Action|Comedy|Sci-Fi|Western"
"The Mummy: Tomb of the Dragon Emperor",2008,5.2,2.35,"Action|Adventure|Fantasy|Horror|Thriller"
"Suicide Squad",2016,6.9,2.35,"Action|Adventure|Comedy|Sci-Fi"
"Evan Almighty",2007,5.4,2.35,"Comedy|Family|Fantasy"
"Edge of Tomorrow",2014,7.9,2.35,"Action|Adventure|Sci-Fi"
"Waterworld",1995,6.1,1.85,"Action|Adventure|Sci-Fi|Thriller"
"G.I. Joe: The Rise of Cobra",2009,5.8,2.35,"Action|Adventure|Sci-Fi|Thriller"
"Inside Out",2015,8.3,1.85,"Adventure|Animation|Comedy|Drama|Family|Fantasy"
"The Jungle Book",2016,7.8,1.85,"Adventure|Drama|Family|Fantasy"
"Iron Man 2",2010,7,2.35,"Action|Adventure|Sci-Fi"
"Snow White and the Huntsman",2012,6.1,2.35,"Action|Adventure|Drama|Fantasy"
"Maleficent",2014,7,2.35,"Action|Adventure|Family|Fantasy|Romance"
"Dawn of the Planet of the Apes",2014,7.6,1.85,"Action|Adventure|Drama|Sci-Fi"
"47 Ronin",2013,6.3,2.35,"Action|Adventure|Drama|Fantasy"
"Captain America: The Winter Soldier",2014,7.8,2.35,"Action|Adventure|Sci-Fi"
"Shrek Forever After",2010,6.4,2.35,"Adventure|Animation|Comedy|Family|Fantasy"
"Wreck-It Ralph",2012,7.8,2.35,"Adventure|Animation|Comedy|Family|Sci-Fi"
"The Polar Express",2004,6.6,2.35,"Adventure|Animation|Family|Fantasy"
"How to Train Your Dragon",2010,8.2,2.35,"Adventure|Animation|Family|Fantasy"
"Terminator 3: Rise of the Machines",2003,6.4,2.35,"Action|Sci-Fi"
"Guardians of the Galaxy",2014,8.1,2.35,"Action|Adventure|Sci-Fi"
"Interstellar",2014,8.6,2.35,"Adventure|Drama|Sci-Fi"
"Inception",2010,8.8,2.35,"Action|Adventure|Sci-Fi|Thriller"
"The Hobbit: An Unexpected Journey",2012,7.9,2.35,"Adventure|Fantasy"
"The Fast and the Furious",2001,6.7,2.35,"Action|Crime|Thriller"
"The Curious Case of Benjamin Button",2008,7.8,2.35,"Drama|Fantasy|Romance"
"X-Men: First Class",2011,7.8,2.35,"Action|Adventure|Sci-Fi"
"The Hunger Games: Mockingjay - Part 2",2015,6.6,2.35,"Adventure|Sci-Fi"
"The Sorcerer's Apprentice",2010,6.1,2.35,"Action|Adventure|Family|Fantasy"
"Shrek the Third",2007,6.1,1.85,"Adventure|Animation|Comedy|Family|Fantasy"
"Warcraft",2016,7.3,2.35,"Action|Adventure|Fantasy"
"Terminator Genisys",2015,6.6,2.35,"Action|Adventure|Sci-Fi"
"Transformers",2007,7.1,2.35,"Action|Adventure|Sci-Fi"
"Alexander",2004,5.5,2.35,"Action|Adventure|Biography|Drama|History|Romance|War"
"Harry Potter and the Order of the Phoenix",2007,7.5,2.35,"Adventure|Family|Fantasy|Mystery"
"Harry Potter and the Goblet of Fire",2005,7.6,2.35,"Adventure|Family|Fantasy|Mystery"
"Hancock",2008,6.4,2.35,"Action|Drama"
"I Am Legend",2007,7.2,2.35,"Drama|Horror|Sci-Fi"
"Charlie and the Chocolate Factory",2005,6.7,1.85,"Adventure|Comedy|Family|Fantasy"
"Ratatouille",2007,8,2.35,"Animation|Comedy|Family|Fantasy"
"Batman Begins",2005,8.3,2.35,"Action|Adventure"
"Madagascar: Escape 2 Africa",2008,6.7,1.85,"Action|Adventure|Animation|Comedy|Family"
"Night at the Museum: Battle of the Smithsonian",2009,5.9,2.35,"Adventure|Comedy|Family|Fantasy"
"X-Men Origins: Wolverine",2009,6.7,2.35,"Action|Adventure|Fantasy|Sci-Fi|Thriller"
"The Matrix Revolutions",2003,6.7,2.35,"Action|Sci-Fi"
"The Matrix Reloaded",2003,7.2,2.35,"Action|Sci-Fi"
"Thor: The Dark World",2013,7.1,2.35,"Action|Adventure|Fantasy"
"Mad Max: Fury Road",2015,8.1,2.35,"Action|Adventure|Sci-Fi|Thriller"
"Angels & Demons",2009,6.7,2.35,"Mystery|Thriller"
"Thor",2011,7,2.35,"Action|Adventure|Fantasy"
"Bolt",2008,6.9,1.85,"Adventure|Animation|Comedy|Drama|Family"
"Wrath of the Titans",2012,5.8,1.85,"Action|Adventure|Fantasy"
"Dark Shadows",2012,6.2,1.85,"Comedy|Fantasy|Horror"
"Mission: Impossible - Rogue Nation",2015,7.4,2.35,"Action|Adventure|Thriller"
"Bee Movie",2007,6.2,1.85,"Adventure|Animation|Comedy|Family"
"Kung Fu Panda 2",2011,7.3,2.35,"Action|Adventure|Animation|Comedy|Family"
"The Last Airbender",2010,4.2,2.35,"Action|Adventure|Family|Fantasy"
"Mission: Impossible III",2006,6.9,2.35,"Action|Adventure|Thriller"
"White House Down",2013,6.4,2.35,"Action|Drama|Thriller"
"Troy",2004,7.2,2.35,"Adventure"
"Madagascar 3: Europe's Most Wanted",2012,6.9,1.85,"Adventure|Animation|Comedy|Family"
"Armageddon",1998,6.6,2.35,"Action|Adventure|Sci-Fi|Thriller"
"Men in Black II",2002,6.1,1.85,"Action|Adventure|Comedy|Family|Fantasy|Mystery|Sci-Fi"
"Beowulf",2007,6.3,2.35,"Action|Adventure|Animation|Fantasy"
"Mission: Impossible - Ghost Protocol",2011,7.4,2.35,"Action|Adventure|Thriller"
"Rise of the Guardians",2012,7.3,1.85,"Adventure|Animation|Family|Fantasy"
"Fun with Dick and Jane",2005,6.1,2.35,"Comedy|Crime"
"The Last Samurai",2003,7.7,2.35,"Action|Drama|History|War"
"Exodus: Gods and Kings",2014,6.1,2.35,"Action|Adventure|Drama"
"Star Trek",2009,8,2.35,"Action|Adventure|Sci-Fi"
"Spider-Man",2002,7.3,1.85,"Action|Adventure|Fantasy|Romance"
"How to Train Your Dragon 2",2014,7.9,2.35,"Action|Adventure|Animation|Comedy|Family|Fantasy"
"Watchmen",2009,7.7,2.35,"Action|Drama|Mystery|Sci-Fi"
"Lethal Weapon 4",1998,6.6,2.35,"Action|Crime|Thriller"
"Hulk",2003,5.7,1.85,"Action|Sci-Fi"
"G.I. Joe: Retaliation",2013,5.8,2.35,"Action|Adventure|Sci-Fi|Thriller"
"Captain America: The First Avenger",2011,6.9,2.35,"Action|Adventure|Sci-Fi"
"The World Is Not Enough",1999,6.4,2.35,"Action|Adventure|Thriller"
"Master and Commander: The Far Side of the World",2003,7.4,2.35,"Action|Adventure|Drama|History|War"
"The Twilight Saga: Breaking Dawn - Part 2",2012,5.5,2.35,"Adventure|Drama|Fantasy|Romance"
"The Incredible Hulk",2008,6.8,2.35,"Action|Adventure|Sci-Fi"
"The Revenant",2015,8.1,2.35,"Adventure|Drama|Thriller|Western"
"Rango",2011,7.2,2.35,"Adventure|Animation|Comedy|Family|Western"
"The Bourne Ultimatum",2007,8.1,2.35,"Action|Mystery|Thriller"
"Kung Fu Panda",2008,7.6,2.35,"Action|Adventure|Animation|Comedy|Family"
"Ant-Man",2015,7.4,1.85,"Action|Adventure|Comedy|Sci-Fi"
"The Hunger Games: Catching Fire",2013,7.6,2.35,"Adventure|Sci-Fi|Thriller"
"The Twilight Saga: Breaking Dawn - Part 2",2012,5.5,2.35,"Adventure|Drama|Fantasy|Romance"
"War of the Worlds",2005,6.5,1.85,"Adventure|Sci-Fi|Thriller"
"Bad Boys II",2003,6.6,2.35,"Action|Comedy|Crime|Thriller"
"Puss in Boots",2011,6.7,2.35,"Action|Adventure|Animation|Comedy|Family|Fantasy"
"Salt",2010,6.4,2.35,"Action|Crime|Mystery|Thriller"
"Noah",2014,5.8,1.85,"Action|Adventure|Drama"
"The Adventures of Tintin",2011,7.4,2.35,"Action|Adventure|Family|Mystery"
"Harry Potter and the Prisoner of Azkaban",2004,7.8,2.35,"Adventure|Family|Fantasy|Mystery"
"Australia",2008,6.6,2.35,"Adventure|Drama|Romance|War"
"After Earth",2013,4.9,2.35,"Action|Adventure|Sci-Fi"
"Megamind",2010,7.3,2.35,"Action|Animation|Comedy|Family|Sci-Fi"
"Harry Potter and the Sorcerer's Stone",2001,7.5,2.35,"Adventure|Family|Fantasy"
"Pirates of the Caribbean: The Curse of the Black Pearl",2003,8.1,2.35,"Action|Adventure|Fantasy"
"The Hunger Games: Mockingjay - Part 1",2014,6.7,2.35,"Adventure|Sci-Fi|Thriller"
"The Da Vinci Code",2006,6.6,2.35,"Mystery|Thriller"
"X-Men 2",2003,7.5,2.35,"Action|Adventure|Fantasy|Sci-Fi|Thriller"
"Fast Five",2011,7.3,2.35,"Action|Crime|Thriller"
"Sherlock Holmes: A Game of Shadows",2011,7.5,2.35,"Action|Adventure|Crime|Mystery|Thriller"
"Clash of the Titans",2010,5.8,2.35,"Action|Adventure|Fantasy"
"Total Recall",1990,7.5,1.85,"Action|Sci-Fi"
"The 13th Warrior",1999,6.6,2.35,"Action|Adventure|History"
"The Bourne Legacy",2012,6.7,2.35,"Action|Adventure|Thriller"
"Batman & Robin",1997,3.7,1.85,"Action"
"How the Grinch Stole Christmas",2000,6,1.85,"Comedy|Family|Fantasy"
"The Day After Tomorrow",2004,6.4,2.35,"Action|Adventure|Sci-Fi|Thriller"
"Mission: Impossible II",2000,6.1,2.35,"Action|Adventure|Thriller"
"The Perfect Storm",2000,6.4,2.35,"Action|Adventure|Drama|Thriller"
"Fantastic 4: Rise of the Silver Surfer",2007,5.6,2.35,"Action|Adventure|Sci-Fi|Thriller"
"Life of Pi",2012,8,1.85,"Adventure|Drama|Fantasy"
"Ghost Rider",2007,5.2,2.35,"Action|Fantasy|Thriller"
"Charlie's Angels: Full Throttle",2003,4.8,2.35,"Action|Adventure|Comedy|Crime"
"Prometheus",2012,7,2.35,"Adventure|Mystery|Sci-Fi"
"Elysium",2013,6.6,2.35,"Action|Drama|Sci-Fi|Thriller"
"The Chronicles of Riddick",2004,6.7,2.35,"Action|Adventure|Sci-Fi|Thriller"
"RoboCop",2014,6.2,2.35,"Action|Crime|Sci-Fi|Thriller"
"Knight and Day",2010,6.3,2.35,"Action|Comedy|Romance"
"Oblivion",2013,7,2.35,"Action|Adventure|Mystery|Sci-Fi"
"Star Wars: Episode III - Revenge of the Sith",2005,7.6,2.35,"Action|Adventure|Fantasy|Sci-Fi"
"Monsters, Inc.",2001,8.1,1.85,"Adventure|Animation|Comedy|Family|Fantasy"
"The Wolverine",2013,6.7,2.35,"Action|Adventure|Sci-Fi|Thriller"
"Star Wars: Episode I - The Phantom Menace",1999,6.5,2.35,"Action|Adventure|Fantasy|Sci-Fi"
"The Croods",2013,7.3,2.35,"Adventure|Animation|Comedy|Family|Fantasy"
"Teenage Mutant Ninja Turtles",2014,5.9,2.35,"Action|Adventure|Comedy|Sci-Fi"
"Gravity",2013,7.8,2.35,"Adventure|Drama|Sci-Fi|Thriller"
"Fantastic Four",2015,4.3,2.35,"Action|Adventure|Sci-Fi"
"Night at the Museum",2006,6.4,1.85,"Action|Adventure|Comedy|Family|Fantasy"
"San Andreas",2015,6.1,2.35,"Action|Adventure|Drama|Thriller"
"Tomorrow Never Dies",1997,6.5,2.35,"Action|Adventure|Thriller"
"The Patriot",2000,7.1,2.35,"Action|Drama|History|War"
"Ocean's Twelve",2004,6.4,2.35,"Crime|Thriller"
"Mr. & Mrs. Smith",2005,6.5,2.35,"Action|Comedy|Crime|Romance|Thriller"
"Insurgent",2015,6.3,2.35,"Adventure|Sci-Fi|Thriller"
"The Green Hornet",2011,5.8,2.35,"Action|Comedy|Crime|Sci-Fi|Thriller"
"300: Rise of an Empire",2014,6.2,2.35,"Action|Drama|Fantasy|War"
"Real Steel",2011,7.1,2.35,"Action|Drama|Sci-Fi|Sport"
"Ender's Game",2013,6.7,2.35,"Action|Sci-Fi"
"Live Free or Die Hard",2007,7.2,2.35,"Action|Adventure|Thriller"
"The Lord of the Rings: The Fellowship of the Ring",2001,8.8,2.35,"Action|Adventure|Drama|Fantasy"
"I, Robot",2004,7.1,2.35,"Action|Mystery|Sci-Fi|Thriller"
"Kingdom of Heaven",2005,7.2,2.35,"Action|Adventure|Drama|History|War"
"The Martian",2015,8.1,2.35,"Adventure|Drama|Sci-Fi"
"The Island",2005,6.9,2.35,"Action|Adventure|Romance|Sci-Fi|Thriller"
"Gone in Sixty Seconds",2000,6.5,2.35,"Action|Crime|Thriller"
"Gladiator",2000,8.5,2.35,"Action|Drama|Romance"
"Minority Report",2002,7.7,2.35,"Action|Mystery|Sci-Fi|Thriller"
"Harry Potter and the Chamber of Secrets",2002,7.4,2.35,"Adventure|Family|Fantasy|Mystery"
"Planet of the Apes",2001,5.7,2.35,"Action|Adventure|Sci-Fi|Thriller"
"Terminator 2: Judgment Day",1991,8.5,2.35,"Action|Sci-Fi"
"Public Enemies",2009,7,2.35,"Biography|Crime|Drama|History|Romance"
"American Gangster",2007,7.8,1.85,"Biography|Crime|Drama"
"True Lies",1994,7.2,2.35,"Action|Comedy|Thriller"
"The Taking of Pelham 1 2 3",2009,6.4,2.35,"Action|Crime|Thriller"
"The Other Guys",2010,6.7,2.35,"Action|Comedy|Crime"
"Django Unchained",2012,8.5,2.35,"Drama|Western"
"The Expendables 2",2012,6.7,2.35,"Action|Adventure|Thriller"
"National Treasure",2004,6.9,2.35,"Action|Adventure|Comedy|Family|Mystery"
"The Tourist",2010,6,2.35,"Action|Romance|Thriller"
"Blood Diamond",2006,8,2.35,"Adventure|Drama|Thriller"
"The Wolf of Wall Street",2013,8.2,2.35,"Biography|Comedy|Crime|Drama"
"Batman Forever",1995,5.4,1.85,"Action|Adventure|Fantasy"
"Starship Troopers",1997,7.2,1.85,"Action|Sci-Fi|War"
"Cloud Atlas",2012,7.5,2.35,"Drama|Sci-Fi"
"Hercules",2014,6,2.35,"Action|Adventure"
"The Expendables 3",2014,6.1,2.35,"Action|Adventure|Thriller"
"Green Zone",2010,6.9,2.35,"Action|Drama|Thriller|War"
"The Mummy Returns",2001,6.3,2.35,"Action|Adventure|Fantasy|Thriller"
"Gangs of New York",2002,7.5,2.35,"Crime|Drama"
"Black Hawk Down",2001,7.7,2.35,"Drama|History|War"
"The Campaign",2012,6.2,1.85,"Comedy"
"The Fifth Element",1997,7.7,2.35,"Action|Adventure|Sci-Fi"
"Ice Age: Continental Drift",2012,6.6,2.35,"Adventure|Animation|Comedy|Family"
"Cinderella",2015,7,2.35,"Drama|Family|Fantasy|Romance"
"The Lovely Bones",2009,6.7,2.35,"Drama|Fantasy|Thriller"
"Finding Nemo",2003,8.2,1.85,"Adventure|Animation|Comedy|Family"
"The Lord of the Rings: The Return of the King",2003,8.9,2.35,"Action|Adventure|Drama|Fantasy"
"The Lord of the Rings: The Two Towers",2002,8.7,2.35,"Action|Adventure|Drama|Fantasy"
"Lara Croft: Tomb Raider",2001,5.7,2.35,"Action|Adventure|Fantasy|Thriller"
"Transcendence",2014,6.3,2.35,"Drama|Mystery|Romance|Sci-Fi|Thriller"
"Jurassic Park III",2001,5.9,1.85,"Action|Adventure|Sci-Fi|Thriller"
"Rise of the Planet of the Apes",2011,7.6,2.35,"Action|Drama|Sci-Fi|Thriller"
"A Good Day to Die Hard",2013,5.3,1.85,"Action|Thriller"
"The Incredibles",2004,8,2.35,"Action|Adventure|Animation|Family"
"Percy Jackson & the Olympians: The Lightning Thief",2010,5.9,2.35,"Adventure|Family|Fantasy"
"Men in Black",1997,7.3,1.85,"Adventure|Comedy|Family|Mystery|Sci-Fi"
"Toy Story 2",1999,7.9,1.85,"Adventure|Animation|Comedy|Family|Fantasy"
"Unstoppable",2010,6.8,2.35,"Action|Thriller"
"Rush Hour 2",2001,6.6,2.35,"Action|Comedy|Crime|Thriller"
"Cloudy with a Chance of Meatballs",2009,7,2.35,"Animation|Comedy|Family|Sci-Fi"
"Ice Age: Dawn of the Dinosaurs",2009,7,1.85,"Action|Adventure|Animation|Comedy|Family"
"The Secret Life of Walter Mitty",2013,7.3,2.35,"Adventure|Comedy|Drama|Fantasy|Romance"
"Charlie's Angels",2000,5.5,2.35,"Action|Adventure|Comedy|Crime|Thriller"
"The Departed",2006,8.5,2.35,"Crime|Drama|Thriller"
"Tropic Thunder",2008,7,2.35,"Action|Comedy"
"The Girl with the Dragon Tattoo",2011,7.8,2.35,"Crime|Drama|Mystery|Thriller"
"Die Hard with a Vengeance",1995,7.6,2.35,"Action|Adventure|Thriller"
"Sherlock Holmes",2009,7.6,1.85,"Action|Adventure|Crime|Mystery|Thriller"
"Valkyrie",2008,7.1,1.85,"Drama|History|Thriller|War"
"You Don't Mess with the Zohan",2008,5.5,1.85,"Action|Comedy"
"A.I. Artificial Intelligence",2001,7.1,1.85,"Adventure|Drama|Sci-Fi"
"Contact",1997,7.4,2.35,"Drama|Mystery|Sci-Fi|Thriller"
"Hollow Man",2000,5.7,1.85,"Action|Horror|Sci-Fi|Thriller"
"Lara Croft Tomb Raider: The Cradle of Life",2003,5.5,2.35,"Action|Adventure|Fantasy"
"Spy Game",2001,7,2.35,"Action|Crime|Thriller"
"Rio",2011,7,2.35,"Adventure|Animation|Comedy|Family|Musical"
"Fantastic Four",2015,4.3,2.35,"Action|Adventure|Sci-Fi"
"Conan the Barbarian",1982,6.9,2.35,"Adventure|Fantasy"
"Cinderella Man",2005,8,2.35,"Biography|Drama|Sport"
"Twister",1996,6.3,2.35,"Action|Adventure|Drama|Thriller"
"The Fast and the Furious",2001,6.7,2.35,"Action|Crime|Thriller"
"Cast Away",2000,7.7,1.85,"Adventure|Drama|Romance"
"Happy Feet",2006,6.5,2.35,"Animation|Comedy|Family|Music|Romance"
"The Bourne Supremacy",2004,7.8,2.35,"Action|Mystery|Thriller"
"Air Force One",1997,6.4,2.35,"Action|Adventure|Drama|Thriller"
"Ocean's Eleven",2001,7.8,2.35,"Crime|Thriller"
"Hotel Transylvania",2012,7.1,1.85,"Animation|Comedy|Family|Fantasy"
"Enchanted",2007,7.1,2.35,"Animation|Comedy|Family|Fantasy|Musical|Romance"
"Safe House",2012,6.8,2.35,"Action|Crime|Mystery|Thriller"
"Tower Heist",2011,6.2,2.35,"Action|Comedy|Crime"
"The Holiday",2006,6.9,1.85,"Comedy|Romance"
"Enemy of the State",1998,7.3,2.35,"Action|Crime|Drama|Mystery|Thriller"
"Ocean's Thirteen",2007,6.9,2.35,"Crime|Thriller"
"Divergent",2014,6.7,2.35,"Adventure|Mystery|Sci-Fi"
"Enemy at the Gates",2001,7.6,2.35,"Drama|History|War"
"Last Action Hero",1993,6.2,2.35,"Action|Adventure|Comedy|Fantasy"
"Memoirs of a Geisha",2005,7.3,2.35,"Drama|Romance"
"The Fast and the Furious: Tokyo Drift",2006,6,2.35,"Action|Crime|Thriller"
"Meet Joe Black",1998,7.1,1.85,"Drama|Fantasy|Romance"
"Scott Pilgrim vs. the World",2010,7.5,1.85,"Action|Comedy|Fantasy|Romance"
"Dredd",2012,7.1,2.35,"Action|Sci-Fi"
"Click",2006,6.4,1.85,"Comedy|Drama|Fantasy|Romance"
"Jumper",2008,6.1,2.35,"Action|Adventure|Sci-Fi|Thriller"
"Hellboy II: The Golden Army",2008,7,1.85,"Action|Adventure|Fantasy|Horror|Sci-Fi"
"Zodiac",2007,7.7,2.35,"Crime|Drama|History|Mystery|Thriller"
"The 6th Day",2000,5.9,2.35,"Action|Mystery|Sci-Fi|Thriller"
"Bruce Almighty",2003,6.7,1.85,"Comedy|Drama"
"The Expendables",2010,6.5,2.35,"Action|Adventure|Thriller"
"Mission: Impossible",1996,7.1,2.35,"Action|Adventure|Thriller"
"The Hunger Games",2012,7.3,2.35,"Adventure|Drama|Sci-Fi|Thriller"
"The Hangover Part II",2011,6.5,2.35,"Comedy"
"Batman Returns",1992,7,1.85,"Action"
"Over the Hedge",2006,6.8,1.85,"Adventure|Animation|Comedy|Family"
"Deep Impact",1998,6.1,2.35,"Action|Drama|Romance|Sci-Fi|Thriller"
"RED 2",2013,6.7,2.35,"Action|Comedy|Crime|Thriller"
"The Longest Yard",2005,6.4,2.35,"Comedy|Crime|Sport"
"Grown Ups 2",2013,5.4,1.85,"Comedy"
"Get Smart",2008,6.5,1.85,"Action|Adventure|Comedy"
"Shutter Island",2010,8.1,2.35,"Mystery|Thriller"
"Robots",2005,6.3,1.85,"Adventure|Animation|Comedy|Family|Sci-Fi"
"Face/Off",1997,7.3,2.35,"Action|Crime|Sci-Fi|Thriller"
"Road to Perdition",2002,7.7,2.35,"Crime|Drama|Thriller"
"Just Go with It",2011,6.4,1.85,"Comedy|Romance"
"Con Air",1997,6.8,2.35,"Action|Crime|Thriller"
"Eagle Eye",2008,6.6,2.35,"Action|Mystery|Thriller"
"Cold Mountain",2003,7.2,2.35,"Adventure|Drama|History|Romance|War"
"The Book of Eli",2010,6.9,2.35,"Action|Adventure|Drama|Thriller"
"The Day the Earth Stood Still",2008,5.5,2.35,"Drama|Sci-Fi|Thriller"
"Fury",2014,7.6,2.35,"Action|Drama|War"
"The Time Machine",2002,5.9,2.35,"Action|Adventure|Sci-Fi"
"Swordfish",2001,6.5,2.35,"Action|Crime|Thriller"
"Mars Attacks!",1996,6.3,2.35,"Action|Comedy|Sci-Fi"
"Surrogates",2009,6.3,2.35,"Action|Sci-Fi|Thriller"
"A Beautiful Mind",2001,8.2,1.85,"Biography|Drama"
"Red Dragon",2002,7.2,2.35,"Crime|Drama|Thriller"
"2 Fast 2 Furious",2003,5.9,2.35,"Action|Crime|Thriller"
"Despicable Me 2",2013,7.5,1.85,"Animation|Comedy|Family|Sci-Fi"
"Independence Day",1996,6.9,2.35,"Action|Adventure|Sci-Fi"
"The Lost World: Jurassic Park",1997,6.5,1.85,"Action|Adventure|Sci-Fi"
"Madagascar",2005,6.9,1.85,"Adventure|Animation|Comedy|Family"
"Children of Men",2006,7.9,1.85,"Drama|Sci-Fi|Thriller"
"X-Men",2000,7.4,2.35,"Action|Adventure|Sci-Fi"
"Wanted",2008,6.7,2.35,"Action|Crime|Fantasy|Thriller"
"The Rock",1996,7.4,2.35,"Action|Adventure|Thriller"
"Ice Age: The Meltdown",2006,6.9,1.85,"Action|Adventure|Animation|Comedy|Family|Fantasy"
"50 First Dates",2004,6.8,2.35,"Comedy|Romance"
"Now You See Me",2013,7.3,2.35,"Crime|Mystery|Thriller"
"Grown Ups",2010,6,1.85,"Comedy"
"The Terminal",2004,7.3,1.85,"Comedy|Drama"
"Shark Tale",2004,6,1.85,"Adventure|Animation|Comedy|Family"
"Munich",2005,7.6,2.35,"Drama|History|Thriller"
"The Man from U.N.C.L.E.",2015,7.3,2.35,"Action|Adventure|Comedy"
"Immortals",2011,6.1,1.85,"Action|Drama|Fantasy|Romance"
"Unbreakable",2000,7.2,2.35,"Drama|Mystery|Sci-Fi|Thriller"
"Minions",2015,6.4,1.85,"Action|Animation|Comedy|Family|Sci-Fi"
"Sucker Punch",2011,6.1,2.35,"Action|Fantasy"
"Funny People",2009,6.4,1.85,"Comedy|Drama"
"The Kingdom",2007,7.1,2.35,"Action|Drama|Thriller"
"Talladega Nights: The Ballad of Ricky Bobby",2006,6.6,2.35,"Action|Comedy|Sport"
"Braveheart",1995,8.4,2.35,"Biography|Drama|History|War"
"Jarhead",2005,7.1,2.35,"Action|Drama|War"
"The Simpsons Movie",2007,7.4,2.35,"Adventure|Animation|Comedy"
"The Village",2004,6.5,1.85,"Drama|Mystery|Romance|Thriller"
"Signs",2002,6.7,1.85,"Drama|Sci-Fi|Thriller"
"Shrek 2",2004,7.2,1.85,"Adventure|Animation|Comedy|Family|Fantasy|Romance"
"Cars",2006,7.2,2.35,"Adventure|Animation|Comedy|Family|Sport"
"xXx",2002,5.8,2.35,"Action|Adventure|Thriller"
"Inglourious Basterds",2009,8.3,2.35,"Adventure|Drama|War"
"Hook",1991,6.7,2.35,"Adventure|Comedy|Family|Fantasy"
"Hercules",2014,6,2.35,"Action|Adventure"
"Die Hard 2",1990,7.1,2.35,"Action|Thriller"
"S.W.A.T.",2003,6,2.35,"Action|Adventure|Crime|Thriller"
"Vanilla Sky",2001,6.9,1.85,"Fantasy|Mystery|Romance|Sci-Fi|Thriller"
"AVP: Alien vs. Predator",2004,5.6,2.35,"Action|Horror|Sci-Fi|Thriller"
"We Were Soldiers",2002,7.1,2.35,"Action|Drama|History|War"
"Olympus Has Fallen",2013,6.5,2.35,"Action|Thriller"
"Battle Los Angeles",2011,5.8,2.35,"Action|Sci-Fi"
"The Monuments Men",2014,6.1,2.35,"Drama|War"
"The Abyss",1989,7.6,2.35,"Adventure|Drama|Sci-Fi|Thriller"
"Dracula Untold",2014,6.3,2.35,"Action|Drama|Fantasy|Horror|War"
"Stardust",2007,7.7,2.35,"Adventure|Family|Fantasy|Romance"
"Underworld: Awakening",2012,6.4,2.35,"Action|Fantasy|Horror"
"Killer Elite",2011,6.5,2.35,"Action|Crime|Thriller"
"Escape Plan",2013,6.7,2.35,"Action|Crime|Mystery|Sci-Fi|Thriller"
"The Twilight Saga: Eclipse",2010,4.9,2.35,"Adventure|Drama|Fantasy|Romance"
"The Score",2001,6.8,2.35,"Crime|Drama|Thriller"
"Despicable Me",2010,7.7,1.85,"Animation|Comedy|Family"
"Ted 2",2015,6.4,2.35,"Comedy"
"Hall Pass",2011,5.9,2.35,"Comedy|Romance"
"The Insider",1999,7.9,2.35,"Biography|Drama|Thriller"
"Body of Lies",2008,7.1,2.35,"Action|Drama|Thriller"
"Abraham Lincoln: Vampire Hunter",2012,5.9,2.35,"Action|Fantasy|Horror"
"Saving Private Ryan",1998,8.6,1.85,"Action|Drama|War"
"Need for Speed",2014,6.5,2.35,"Action|Crime|Drama|Thriller"
"Ice Age",2002,7.6,1.85,"Adventure|Animation|Comedy|Family"
"Lincoln",2012,7.4,2.35,"Biography|Drama|History|War"
"The Matrix",1999,8.7,2.35,"Action|Sci-Fi"
"Apollo 13",1995,7.6,2.35,"Adventure|Drama|History"
"Total Recall",1990,7.5,1.85,"Action|Sci-Fi"
"Les Misérables",2012,7.6,1.85,"Drama|Musical|Romance"
"You've Got Mail",1998,6.5,1.85,"Comedy|Drama|Romance"
"Step Brothers",2008,6.9,2.35,"Comedy"
"The Mask of Zorro",1998,6.7,2.35,"Action|Adventure|Comedy|Romance|Thriller|Western"
"Due Date",2010,6.6,2.35,"Comedy|Drama"
"Unbroken",2014,7.2,2.35,"Biography|Drama|Sport|War"
"The Dictator",2012,6.4,2.35,"Comedy|Romance"
"Focus",2015,6.6,1.85,"Comedy|Crime|Drama|Romance"
"This Means War",2012,6.3,2.35,"Action|Comedy|Romance"
"Blade: Trinity",2004,5.9,2.35,"Action|Adventure|Fantasy|Horror|Sci-Fi|Thriller"
"Resident Evil: Retribution",2012,5.4,2.35,"Action|Horror|Sci-Fi|Thriller"
"Death Race",2008,6.4,2.35,"Action|Sci-Fi|Thriller"
"Fight Club",1999,8.8,2.35,"Drama"
"Everest",2015,7.1,2.35,"Adventure|Biography|Drama|History|Sport|Thriller"
"Perfume: The Story of a Murderer",2006,7.5,2.35,"Crime|Drama|Fantasy"
"Austin Powers in Goldmember",2002,6.2,2.35,"Action|Comedy|Crime"
"Jurassic Park",1993,8.1,1.85,"Adventure|Sci-Fi|Thriller"
"Blades of Glory",2007,6.3,1.85,"Comedy|Sport"
"300",2006,7.7,2.35,"Action|Drama|Fantasy|War"
"Meet the Fockers",2004,6.3,1.85,"Comedy|Romance"
"Marley & Me",2008,7.1,2.35,"Comedy|Drama|Family"
"The Green Mile",1999,8.5,1.85,"Crime|Drama|Fantasy|Mystery"
"Gone Girl",2014,8.1,2.35,"Crime|Drama|Mystery|Thriller"
"The Bourne Identity",2002,7.9,2.35,"Action|Mystery|Thriller"
"GoldenEye",1995,7.2,2.35,"Action|Adventure|Thriller"
"The Truman Show",1998,8.1,1.85,"Comedy|Drama|Sci-Fi"
"2 Guns",2013,6.7,2.35,"Action|Comedy|Crime|Drama|Thriller"
"The Italian Job",2003,7,2.35,"Action|Crime|Thriller"
"Antz",1998,6.6,1.85,"Adventure|Animation|Comedy|Family"
"The Scorch Trials",2015,6.4,2.35,"Action|Sci-Fi|Thriller"
"RED",2010,7.1,2.35,"Action|Comedy|Crime|Thriller"
"Collateral",2004,7.6,2.35,"Crime|Drama|Thriller"
"The Scorpion King",2002,5.5,2.35,"Action|Adventure|Fantasy|Thriller"
"Jack Reacher",2012,7,2.35,"Action|Crime|Mystery|Thriller"
"Contagion",2011,6.6,1.85,"Drama|Thriller"
"The Happening",2008,5,1.85,"Sci-Fi|Thriller"
"Man on Fire",2004,7.7,2.35,"Action|Crime|Drama|Thriller"
"Starsky & Hutch",2004,6.1,2.35,"Comedy|Crime"
"Hellboy",2004,6.8,1.85,"Action|Fantasy|Horror|Sci-Fi"
"Alien: Resurrection",1997,6.3,2.35,"Action|Horror|Sci-Fi"
"Shooter",2007,7.2,2.35,"Action|Crime|Drama|Mystery|Thriller"
"The Lego Movie",2014,7.8,2.35,"Action|Adventure|Animation|Comedy|Family|Fantasy"
"Reign of Fire",2002,6.2,2.35,"Action|Adventure|Fantasy|Sci-Fi|Thriller"
"Gangster Squad",2013,6.7,2.35,"Action|Crime|Drama|Thriller"
"Invictus",2009,7.4,2.35,"Biography|Drama|History|Sport"
"State of Play",2009,7.1,2.35,"Crime|Drama|Mystery|Thriller"
"Almost Famous",2000,7.9,1.85,"Adventure|Comedy|Drama|Music"
"Event Horizon",1997,6.7,2.35,"Horror|Sci-Fi|Thriller"
"The Avengers",2012,8.1,1.85,"Action|Adventure|Sci-Fi"
"The Mortal Instruments: City of Bones",2013,6,2.35,"Fantasy|Horror|Mystery|Romance"
"Deadpool",2016,8.1,2.35,"Action|Adventure|Comedy|Romance|Sci-Fi"
"American Sniper",2014,7.3,2.35,"Action|Biography|Drama|History|Thriller|War"
"The Internship",2013,6.3,2.35,"Comedy"
"Resident Evil: Afterlife",2010,5.9,2.35,"Action|Adventure|Horror|Sci-Fi"
"The Devil's Advocate",1997,7.5,2.35,"Drama|Mystery|Thriller"
"Meet the Parents",2000,7,1.85,"Comedy"
"Superman",1978,7.3,2.35,"Action|Adventure|Drama|Romance|Sci-Fi"
"Hitch",2005,6.6,2.35,"Comedy|Romance"
"American Wedding",2003,6.3,2.35,"Comedy|Romance"
"Captain Phillips",2013,7.9,2.35,"Biography|Drama|Thriller"
"Date Night",2010,6.3,2.35,"Comedy|Crime|Romance|Thriller"
"The Equalizer",2014,7.2,2.35,"Action|Crime|Thriller"
"The Pursuit of Happyness",2006,8,2.35,"Biography|Drama"
"Flightplan",2005,6.2,2.35,"Drama|Mystery|Thriller"
"Alien 3",1992,6.4,2.35,"Action|Horror|Sci-Fi"
"Ronin",1998,7.3,2.35,"Action|Adventure|Crime|Thriller"
"The Watch",2012,5.7,2.35,"Action|Comedy|Sci-Fi"
"Changeling",2008,7.8,2.35,"Crime|Drama|Mystery|Thriller"
"Æon Flux",2005,5.5,2.35,"Action|Sci-Fi"
"Blade II",2002,6.7,1.85,"Action|Horror|Sci-Fi|Thriller"
"Seven Pounds",2008,7.7,2.35,"Drama|Romance"
"The Godfather: Part III",1990,7.6,1.85,"Crime|Drama"
"Black Mass",2015,7,2.35,"Biography|Crime|Drama"
"Flags of Our Fathers",2006,7.1,2.35,"Drama|History|War"
"Law Abiding Citizen",2009,7.4,2.35,"Crime|Drama|Thriller"
"Grindhouse",2007,7.6,2.35,"Action|Horror|Thriller"
"Catch Me If You Can",2002,8,1.85,"Biography|Crime|Drama"
"Zero Dark Thirty",2012,7.4,1.85,"Drama|History|Thriller"
"The Break-Up",2006,5.8,1.85,"Comedy|Drama|Romance"
"Mamma Mia!",2008,6.3,2.35,"Comedy|Family|Musical|Romance"
"The Thin Red Line",1998,7.6,2.35,"Drama|War"
"The Change-Up",2011,6.4,2.35,"Comedy|Fantasy"
"Man on the Moon",1999,7.4,2.35,"Biography|Comedy|Drama"
"Casino",1995,8.2,2.35,"Biography|Crime|Drama"
"Me, Myself & Irene",2000,6.5,1.85,"Comedy"
"The Twilight Saga: New Moon",2009,4.6,2.35,"Adventure|Drama|Fantasy|Romance"
"Shrek",2001,7.9,1.85,"Adventure|Animation|Comedy|Family|Fantasy"
"The Adjustment Bureau",2011,7.1,1.85,"Romance|Sci-Fi|Thriller"
"Robin Hood: Prince of Thieves",1991,6.9,1.85,"Action|Adventure|Drama|Romance"
"Jerry Maguire",1996,7.3,1.85,"Comedy|Drama|Romance|Sport"
"Ted",2012,7,1.85,"Comedy|Fantasy"
"As Good as It Gets",1997,7.7,1.85,"Comedy|Drama|Romance"
"Anchorman 2: The Legend Continues",2013,6.3,2.35,"Comedy"
"Mr. Deeds",2002,5.8,1.85,"Comedy|Romance"
"Super 8",2011,7.1,2.35,"Mystery|Sci-Fi|Thriller"
"Erin Brockovich",2000,7.3,1.85,"Biography|Drama"
"How to Lose a Guy in 10 Days",2003,6.4,1.85,"Comedy|Romance"
"22 Jump Street",2014,7.1,2.35,"Action|Comedy|Crime"
"Interview with the Vampire: The Vampire Chronicles",1994,7.6,1.85,"Drama|Fantasy|Horror"
"Yes Man",2008,6.8,2.35,"Comedy|Romance"
"Inside Man",2006,7.6,2.35,"Crime|Drama|Mystery|Thriller"
"Payback",1999,7.1,2.35,"Action|Crime|Drama|Thriller"
"We Bought a Zoo",2011,7.1,1.85,"Comedy|Drama|Family"
"Knowing",2009,6.2,2.35,"Drama|Mystery|Sci-Fi|Thriller"
"Moneyball",2011,7.6,1.85,"Biography|Drama|Sport"
"Non-Stop",2014,7,2.35,"Action|Mystery|Thriller"
"V for Vendetta",2005,8.2,2.35,"Action|Drama|Thriller"
"Hansel & Gretel: Witch Hunters",2013,6.1,2.35,"Action|Fantasy|Horror"
"I Am Number Four",2011,6.1,1.85,"Action|Adventure|Sci-Fi|Thriller"
"Syriana",2005,7,2.35,"Drama|Thriller"
"The Game",1997,7.8,2.35,"Drama|Mystery|Thriller"
"Silent Hill",2006,6.6,2.35,"Adventure|Horror|Mystery"
"American Reunion",2012,6.7,1.85,"Comedy"
"The Negotiator",1998,7.3,2.35,"Action|Crime|Drama|Mystery|Thriller"
"The Judge",2014,7.4,2.35,"Crime|Drama"
"Resident Evil: Apocalypse",2004,6.2,2.35,"Action|Horror|Sci-Fi|Thriller"
"The Beach",2000,6.6,2.35,"Adventure|Drama|Thriller"
"The Iron Giant",1999,8,2.35,"Action|Adventure|Animation|Comedy|Drama|Family|Sci-Fi"
"The Life Aquatic with Steve Zissou",2004,7.3,2.35,"Adventure|Comedy|Drama"
"Eastern Promises",2007,7.7,1.85,"Crime|Mystery|Thriller"
"Gamer",2009,5.8,1.85,"Action|Sci-Fi|Thriller"
"Traffic",2000,7.6,1.85,"Crime|Drama|Thriller"
"Indiana Jones and the Last Crusade",1989,8.3,2.35,"Action|Adventure|Fantasy"
"Chappie",2015,6.9,2.35,"Action|Crime|Drama|Sci-Fi|Thriller"
"The Bone Collector",1999,6.7,2.35,"Crime|Drama|Mystery|Thriller"
"Panic Room",2002,6.8,2.35,"Crime|Drama|Thriller"
"Three Kings",1999,7.1,2.35,"Action|Adventure|Comedy|Drama|War"
"K-PAX",2001,7.4,2.35,"Drama|Mystery|Sci-Fi"
"3:10 to Yuma",2007,7.8,2.35,"Adventure|Crime|Drama|Western"
"Taken 3",2014,6,2.35,"Action|Thriller"
"The Cable Guy",1996,6,2.35,"Comedy|Drama|Thriller"
"First Blood",1982,7.7,2.35,"Action|Adventure|Drama"
"Insomnia",2002,7.2,2.35,"Drama|Mystery|Thriller"
"Liar Liar",1997,6.8,1.85,"Comedy|Fantasy|Romance"
"Taken 2",2012,6.3,2.35,"Action|Crime|Thriller"
"Scary Movie 3",2003,5.5,1.85,"Comedy"
"Miss Congeniality",2000,6.2,1.85,"Action|Comedy|Crime|Romance"
"The Bucket List",2007,7.4,1.85,"Adventure|Comedy|Drama"
"Prisoners",2013,8.1,1.85,"Crime|Drama|Mystery|Thriller"
"Training Day",2001,7.7,2.35,"Crime|Drama|Thriller"
"Galaxy Quest",1999,7.3,2.35,"Adventure|Comedy|Sci-Fi"
"Scary Movie 2",2001,5.2,1.85,"Comedy"
"Blade",1998,7.1,2.35,"Action|Horror"
"Love Actually",2003,7.7,2.35,"Comedy|Drama|Romance"
"A Bug's Life",1998,7.2,2.35,"Adventure|Animation|Comedy|Family|Fantasy"
"From Hell",2001,6.8,2.35,"Horror|Mystery|Thriller"
"The Hitchhiker's Guide to the Galaxy",2005,6.8,2.35,"Adventure|Comedy|Sci-Fi"
"Resident Evil: Extinction",2007,6.3,2.35,"Action|Horror|Sci-Fi|Thriller"
"Johnny English",2003,6.1,1.85,"Action|Adventure|Comedy"
"Revolutionary Road",2008,7.3,2.35,"Drama|Romance"
"16 Blocks",2006,6.6,2.35,"Action|Crime|Drama|Thriller"
"Dredd",2012,7.1,2.35,"Action|Sci-Fi"
"The Ghost Writer",2010,7.2,2.35,"Mystery|Thriller"
"Argo",2012,7.7,2.35,"Biography|Drama|History|Thriller"
"The Fugitive",1993,7.8,1.85,"Action|Adventure|Crime|Drama|Mystery|Thriller"
"Rambo: First Blood Part II",1985,6.4,2.35,"Action|Adventure|Thriller|War"
"Underworld: Evolution",2006,6.8,2.35,"Action|Adventure|Fantasy|Sci-Fi|Thriller"
"The Mechanic",2011,6.6,2.35,"Action|Crime|Thriller"
"21 Jump Street",2012,7.2,2.35,"Action|Comedy|Crime"
"Notting Hill",1999,7,2.35,"Comedy|Drama|Romance"
"Chicken Run",2000,7,1.85,"Adventure|Animation|Comedy|Drama|Family"
"Along Came Polly",2004,5.9,1.85,"Comedy|Romance"
"The Heat",2013,6.6,2.35,"Action|Comedy|Crime"
"Brüno",2009,5.8,1.85,"Comedy"
"Lord of War",2005,7.6,2.35,"Crime|Drama|Thriller"
"The Interview",2014,6.6,2.35,"Comedy"
"8 Mile",2002,7,2.35,"Drama|Music"
"A Knight's Tale",2001,6.9,2.35,"Action|Adventure|Romance"
"The Sixth Sense",1999,8.1,1.85,"Drama|Mystery|Thriller"
"Man on a Ledge",2012,6.6,2.35,"Action|Crime|Thriller"
"The Karate Kid",1984,7.2,1.85,"Action|Drama|Family|Sport"
"American Hustle",2013,7.3,2.35,"Crime|Drama"
"The Proposal",2009,6.7,2.35,"Comedy|Drama|Romance"
"Back to the Future Part II",1989,7.8,1.85,"Adventure|Comedy|Sci-Fi"
"Lucy",2014,6.4,2.35,"Action|Sci-Fi|Thriller"
"Fifty Shades of Grey",2015,4.1,2.35,"Drama|Romance"
"Lone Survivor",2013,7.6,2.35,"Action|Biography|Drama|Thriller|War"
"The Social Network",2010,7.7,2.35,"Biography|Drama"
"He's Just Not That Into You",2009,6.4,2.35,"Comedy|Drama|Romance"
"Bram Stoker's Dracula",1992,7.5,1.85,"Fantasy|Horror|Romance"
"The Talented Mr. Ripley",1999,7.3,1.85,"Crime|Drama|Thriller"
"The Intern",2015,7.2,1.85,"Comedy|Drama"
"The Last of the Mohicans",1992,7.8,2.35,"Action|Adventure|Drama|Romance|War"
"Ray",2004,7.7,1.85,"Biography|Drama|Music"
"Vantage Point",2008,6.6,2.35,"Crime|Drama|Mystery|Thriller"
"I Love You, Man",2009,7.1,1.85,"Comedy|Romance"
"Shallow Hal",2001,5.9,1.85,"Comedy|Drama|Fantasy|Romance"
"Unbroken",2014,7.2,2.35,"Biography|Drama|Sport|War"
"17 Again",2009,6.4,2.35,"Comedy|Drama|Family|Fantasy|Romance"
"The Other Woman",2014,6,2.35,"Comedy|Romance"
"Bridge of Spies",2015,7.6,2.35,"Drama|History|Thriller"
"Get Him to the Greek",2010,6.4,1.85,"Comedy|Music"
"The Count of Monte Cristo",2002,7.7,1.85,"Action|Adventure|Drama|Romance|Thriller"
"The Lincoln Lawyer",2011,7.3,2.35,"Crime|Drama|Thriller"
"Unknown",2011,6.9,2.35,"Action|Mystery|Thriller"
"The Prestige",2006,8.5,2.35,"Drama|Mystery|Sci-Fi|Thriller"
"Horrible Bosses 2",2014,6.3,2.35,"Comedy|Crime"
"Predators",2010,6.4,2.35,"Action|Adventure|Sci-Fi|Thriller"
"Secret Window",2004,6.6,2.35,"Mystery|Thriller"
"The Lake House",2006,6.8,2.35,"Drama|Fantasy|Romance"
"Paul",2011,7,2.35,"Adventure|Comedy|Sci-Fi"
"Scream 4",2011,6.2,2.35,"Horror|Mystery"
"8MM",1999,6.5,2.35,"Mystery|Thriller"
"A Million Ways to Die in the West",2014,6.1,2.35,"Comedy|Western"
"The Impossible",2012,7.6,2.35,"Drama|Thriller"
"Fantastic Mr. Fox",2009,7.8,1.85,"Adventure|Animation|Comedy|Crime|Family"
"Pandorum",2009,6.8,2.35,"Action|Horror|Mystery|Sci-Fi|Thriller"
"Sunshine",2007,7.3,2.35,"Adventure|Sci-Fi|Thriller"
"Disturbia",2007,6.9,1.85,"Drama|Mystery|Thriller"
"Snowpiercer",2013,7,1.85,"Action|Drama|Sci-Fi|Thriller"
"The Crow",1994,7.6,1.85,"Action|Drama|Fantasy"
"The Time Traveler's Wife",2009,7.1,2.35,"Drama|Fantasy|Romance|Sci-Fi"
"The Fast and the Furious",2001,6.7,2.35,"Action|Crime|Thriller"
"Serenity",2005,8,2.35,"Action|Adventure|Sci-Fi|Thriller"
"The Ugly Truth",2009,6.5,2.35,"Comedy|Romance"
"The Ninth Gate",1999,6.7,2.35,"Mystery|Thriller"
"The Thing",1982,8.2,2.35,"Horror|Mystery|Sci-Fi"
"Riddick",2013,6.4,2.35,"Action|Sci-Fi|Thriller"
"The Master",2012,7.1,1.85,"Drama"
"Creed",2015,7.7,2.35,"Drama|Sport"
"The Town",2010,7.6,2.35,"Crime|Drama|Thriller"
"Burn After Reading",2008,7,1.85,"Comedy|Drama"
"Rush",2013,8.1,2.35,"Action|Biography|Drama|Sport"
"Magnolia",1999,8,2.35,"Drama"
"Twilight",2008,5.2,2.35,"Drama|Fantasy|Romance"
"We're the Millers",2013,7,2.35,"Comedy|Crime"
"Hot Tub Time Machine",2010,6.4,1.85,"Comedy|Sci-Fi"
"Gattaca",1997,7.8,2.35,"Drama|Sci-Fi|Thriller"
"The Hangover",2009,7.8,2.35,"Comedy"
"Austin Powers: The Spy Who Shagged Me",1999,6.6,2.35,"Action|Adventure|Comedy|Crime"
"Batman",1989,7.6,1.85,"Action|Adventure"
"Lethal Weapon 3",1992,6.7,2.35,"Action|Crime|Thriller"
"The Blind Side",2009,7.7,1.85,"Biography|Drama|Sport"
"Horrible Bosses",2011,6.9,2.35,"Comedy|Crime"
"True Grit",2010,7.7,2.35,"Adventure|Drama|Western"
"The Devil Wears Prada",2006,6.8,2.35,"Comedy|Drama|Romance"
"Cape Fear",1991,7.3,2.35,"Crime|Thriller"
"21",2008,6.8,2.35,"Crime|Drama|Thriller"
"The English Patient",1996,7.4,1.85,"Drama|Romance|War"
"L.A. Confidential",1997,8.3,2.35,"Crime|Drama|Mystery|Thriller"
"The Man in the Iron Mask",1998,6.4,1.85,"Action|Adventure"
"Friends with Benefits",2011,6.6,2.35,"Comedy|Romance"
"Saving Mr. Banks",2013,7.5,2.35,"Biography|Comedy|Drama|History|Music"
"This Is 40",2012,6.2,2.35,"Comedy"
"Underworld: Rise of the Lycans",2009,6.6,2.35,"Action|Adventure|Fantasy|Sci-Fi|Thriller"
"Donnie Brasco",1997,7.8,2.35,"Biography|Crime|Drama"
"Resident Evil",2002,6.7,1.85,"Action|Horror|Sci-Fi"
"Poltergeist",1982,7.4,2.35,"Fantasy|Horror"
"Max Payne",2008,5.4,2.35,"Action|Crime|Drama|Mystery|Thriller"
"In Time",2011,6.7,2.35,"Action|Sci-Fi|Thriller"
"From Hell",2001,6.8,2.35,"Horror|Mystery|Thriller"
"Closer",2004,7.3,1.85,"Drama|Romance"
"J. Edgar",2011,6.6,2.35,"Biography|Crime|Drama"
"The Tree of Life",2011,6.7,1.85,"Drama|Fantasy"
"The Maze Runner",2014,6.8,2.35,"Action|Mystery|Sci-Fi|Thriller"
"The Fountain",2006,7.3,1.85,"Drama|Sci-Fi"
"A Few Good Men",1992,7.6,2.35,"Drama|Thriller"
"Snakes on a Plane",2006,5.6,2.35,"Action|Adventure|Crime|Drama|Thriller"
"The Punisher",2004,6.5,2.35,"Action|Crime|Drama|Thriller"
"Star Wars: Episode VI - Return of the Jedi",1983,8.4,2.35,"Action|Adventure|Fantasy|Sci-Fi"
"The Reader",2008,7.6,1.85,"Drama|Romance"
"Elf",2003,6.9,1.85,"Comedy|Family|Fantasy|Romance"
"Bridesmaids",2011,6.8,2.35,"Comedy|Romance"
"This Is the End",2013,6.7,2.35,"Comedy|Fantasy"
"Source Code",2011,7.5,1.85,"Mystery|Sci-Fi|Thriller"
"The Number 23",2007,6.4,2.35,"Mystery|Thriller"
"A History of Violence",2005,7.5,1.85,"Crime|Drama|Thriller"
"Transporter 2",2005,6.3,2.35,"Action|Crime|Thriller"
"Apocalypse Now",1979,8.5,2.35,"Drama|War"
"Flight",2012,7.3,2.35,"Drama|Thriller"
"Big Daddy",1999,6.4,1.85,"Comedy|Drama"
"American Pie 2",2001,6.4,1.85,"Comedy"
"Toy Story",1995,8.3,1.85,"Adventure|Animation|Comedy|Family|Fantasy"
"Speed",1994,7.2,2.35,"Action|Adventure|Crime|Thriller"
"The Vow",2012,6.8,2.35,"Drama|Romance"
"Remember the Titans",2000,7.8,2.35,"Biography|Drama|Sport"
"The Hunt for Red October",1990,7.6,2.35,"Action|Adventure|Thriller"
"Ace Ventura: When Nature Calls",1995,6.3,2.35,"Adventure|Comedy"
"Se7en",1995,8.6,2.35,"Crime|Drama|Mystery|Thriller"
"District 9",2009,8,1.85,"Action|Sci-Fi|Thriller"
"Mystic River",2003,8,2.35,"Crime|Drama|Mystery|Thriller"
"Million Dollar Baby",2004,8.1,2.35,"Drama|Sport"
"Analyze This",1999,6.7,1.85,"Comedy|Crime"
"The Notebook",2004,7.9,2.35,"Drama|Romance"
"27 Dresses",2008,6.1,2.35,"Comedy|Romance"
"Legends of the Fall",1994,7.5,1.85,"Drama|Romance|War|Western"
"Up in the Air",2009,7.4,1.85,"Drama|Romance"
"About Schmidt",2002,7.2,1.85,"Comedy|Drama"
"Warm Bodies",2013,6.9,2.35,"Comedy|Horror|Romance"
"Looper",2012,7.4,2.35,"Action|Crime|Drama|Sci-Fi|Thriller"
"Forgetting Sarah Marshall",2008,7.2,1.85,"Comedy|Drama|Romance"
"Four Brothers",2005,6.9,2.35,"Action|Crime|Drama|Mystery|Thriller"
"13 Going on 30",2004,6.1,1.85,"Comedy|Fantasy|Romance"
"Midnight in Paris",2011,7.7,1.85,"Comedy|Fantasy|Romance"
"Blow",2001,7.6,2.35,"Biography|Crime|Drama"
"P.S. I Love You",2007,7.1,1.85,"Drama|Romance"
"Atonement",2007,7.8,1.85,"Drama|Mystery|Romance|War"
"Corpse Bride",2005,7.4,1.85,"Animation|Drama|Family|Fantasy|Musical|Romance"
"Southpaw",2015,7.5,2.35,"Drama|Sport"
"Drag Me to Hell",2009,6.6,2.35,"Horror|Thriller"
"Stranger Than Fiction",2006,7.6,1.85,"Comedy|Drama|Fantasy|Romance"
"30 Days of Night",2007,6.6,2.35,"Horror"
"The Cabin in the Woods",2012,7,2.35,"Fantasy|Horror|Mystery|Thriller"
"Hanna",2011,6.8,2.35,"Action|Drama|Thriller"
"Carrie",2013,5.9,2.35,"Drama|Fantasy|Horror"
"9",2009,7.1,1.85,"Action|Adventure|Animation|Drama|Mystery|Sci-Fi|Thriller"
"Side Effects",2013,7.1,1.85,"Crime|Drama|Thriller"
"The Next Three Days",2010,7.4,2.35,"Crime|Drama|Romance|Thriller"
"Love & Other Drugs",2010,6.7,1.85,"Comedy|Drama|Romance"
"The Last Stand",2013,6.4,2.35,"Action|Crime|Thriller"
"The Imaginarium of Doctor Parnassus",2009,6.8,1.85,"Adventure|Fantasy|Mystery"
"Glory",1989,7.9,1.85,"Drama|History|War"
"Once Upon a Time in America",1984,8.4,1.85,"Crime|Drama"
"The Assassination of Jesse James by the Coward Robert Ford",2007,7.5,2.35,"Biography|Crime|Drama|History|Western"
"Straight Outta Compton",2015,7.9,2.35,"Biography|Crime|Drama|History|Music"
"Indiana Jones and the Temple of Doom",1984,7.6,2.35,"Action|Adventure"
"Die Hard",1988,8.2,2.35,"Action|Thriller"
"Role Models",2008,6.9,1.85,"Comedy"
"The Big Short",2015,7.8,2.35,"Biography|Comedy|Drama|History"
"Dawn of the Dead",2004,7.4,2.35,"Action|Horror|Thriller"
"The Royal Tenenbaums",2001,7.6,2.35,"Comedy|Drama"
"Identity",2003,7.3,2.35,"Mystery|Thriller"
"Last Vegas",2013,6.6,2.35,"Comedy|Romance"
"Zoolander",2001,6.6,2.35,"Comedy"
"Kick-Ass",2010,7.7,2.35,"Action|Comedy"
"Pride & Prejudice",2005,7.8,2.35,"Drama|Romance"
"Blade Runner",1982,8.2,2.35,"Sci-Fi|Thriller"
"Kick-Ass 2",2013,6.6,2.35,"Action|Comedy|Crime"
"Knocked Up",2007,7,1.85,"Comedy|Romance"
"The Jungle Book",2016,7.8,1.85,"Adventure|Drama|Family|Fantasy"
"The Blues Brothers",1980,7.9,1.85,"Action|Comedy|Crime|Music"
"About a Boy",2002,7.1,2.35,"Comedy|Drama|Romance"
"Lucky Number Slevin",2006,7.8,2.35,"Crime|Drama|Mystery|Thriller"
"Dark City",1998,7.7,2.35,"Action|Drama|Fantasy|Mystery|Sci-Fi|Thriller"
"The 40-Year-Old Virgin",2005,7.1,1.85,"Comedy|Romance"
"Shakespeare in Love",1998,7.2,2.35,"Comedy|Drama|Romance"
"Kindergarten Cop",1990,6,1.85,"Action|Comedy|Crime"
"Pineapple Express",2008,7,2.35,"Action|Comedy|Crime"
"Final Destination 2",2003,6.2,1.85,"Horror|Thriller"
"O Brother, Where Art Thou?",2000,7.8,2.35,"Adventure|Comedy|Crime|Music"
"Pain & Gain",2013,6.5,2.35,"Comedy|Crime|Drama"
"The Constant Gardener",2005,7.5,1.85,"Drama|Mystery|Romance|Thriller"
"Mrs. Doubtfire",1993,6.9,2.35,"Comedy|Drama|Family|Romance"
"Rain Man",1988,8,1.85,"Drama"
"Gran Torino",2008,8.2,2.35,"Drama"
"Taken",2008,7.9,2.35,"Action|Thriller"
"The Help",2011,8.1,1.85,"Drama"
"Cloverfield",2008,7,1.85,"Action|Adventure|Horror|Sci-Fi"
"The Untouchables",1987,7.9,2.35,"Crime|Drama|Thriller"
"No Country for Old Men",2007,8.1,2.35,"Crime|Drama|Thriller"
"Bridget Jones's Diary",2001,6.7,2.35,"Comedy|Drama|Romance"
"Chocolat",2000,7.3,1.85,"Drama|Romance"
"No Strings Attached",2011,6.2,2.35,"Comedy|Romance"
"Final Destination 3",2006,5.8,2.35,"Horror"
"Bridge to Terabithia",2007,7.2,1.85,"Adventure|Drama|Family|Fantasy"
"Finding Neverland",2004,7.8,2.35,"Biography|Drama|Family"
"The Grey",2011,6.8,2.35,"Action|Adventure|Drama|Thriller"
"Anchorman: The Legend of Ron Burgundy",2004,7.2,1.85,"Comedy"
"Goodfellas",1990,8.7,1.85,"Biography|Crime|Drama"
"Scarface",1983,8.3,2.35,"Crime|Drama"
"Contraband",2012,6.5,2.35,"Action|Crime|Drama|Thriller"
"There Will Be Blood",2007,8.1,2.35,"Drama"
"The Hours",2002,7.6,1.85,"Drama|Romance"
"She's the Man",2006,6.4,1.85,"Comedy|Romance"
"The Shawshank Redemption",1994,9.3,1.85,"Crime|Drama"
"Punch-Drunk Love",2002,7.3,2.35,"Comedy|Drama|Romance|Thriller"
"EuroTrip",2004,6.6,1.85,"Comedy"
"The Girl Next Door",2004,6.8,1.85,"Comedy|Drama|Romance"
"Warrior",2011,8.2,2.35,"Drama|Sport"
"The Road",2009,7.3,2.35,"Adventure|Drama"
"Snakes on a Plane",2006,5.6,2.35,"Action|Adventure|Crime|Drama|Thriller"
"Rocky Balboa",2006,7.2,1.85,"Drama|Sport"
"Scream 2",1997,6.1,2.35,"Horror|Mystery"
"Old School",2003,7.2,2.35,"Comedy"
"Zack and Miri Make a Porno",2008,6.6,1.85,"Comedy|Romance"
"The Men Who Stare at Goats",2009,6.2,2.35,"Comedy|War"
"Girl, Interrupted",1999,7.3,1.85,"Biography|Drama"
"Zombieland",2009,7.7,2.35,"Adventure|Comedy|Horror|Sci-Fi"
"King Kong",2005,7.2,2.35,"Action|Adventure|Drama|Romance"
"Star Wars: Episode V - The Empire Strikes Back",1980,8.8,2.35,"Action|Adventure|Fantasy|Sci-Fi"
"Bad Boys",1995,6.8,1.85,"Action|Comedy|Crime|Drama|Thriller"
"Final Destination",2000,6.7,1.85,"Horror|Thriller"
"The Ides of March",2011,7.1,2.35,"Drama"
"Pitch Black",2000,7.1,2.35,"Horror|Sci-Fi"
"Her",2013,8,1.85,"Drama|Romance|Sci-Fi"
"1408",2007,6.8,2.35,"Fantasy|Horror"
"Spaceballs",1987,7.1,1.85,"Adventure|Comedy|Sci-Fi"
"Ghost",1990,7,1.85,"Drama|Fantasy|Romance|Thriller"
"There's Something About Mary",1998,7.1,1.85,"Comedy|Romance"
"I Am Sam",2001,7.6,1.85,"Drama"
"Underworld",2003,7,2.35,"Action|Fantasy|Thriller"
"Jay and Silent Bob Strike Back",2001,6.9,2.35,"Comedy"
"The Island",2005,6.9,2.35,"Action|Adventure|Romance|Sci-Fi|Thriller"
"Michael Clayton",2007,7.3,2.35,"Crime|Drama|Mystery|Thriller"
"South Park: Bigger Longer & Uncut",1999,7.8,1.85,"Animation|Comedy|Fantasy|Musical"
"Silver Linings Playbook",2012,7.8,2.35,"Comedy|Drama|Romance"
"The Transporter",2002,6.8,2.35,"Action|Crime|Thriller"
"Tinker Tailor Soldier Spy",2011,7.1,2.35,"Drama|Mystery|Thriller"
"Raiders of the Lost Ark",1981,8.5,2.35,"Action|Adventure"
"Home Alone 2: Lost in New York",1992,6.6,1.85,"Adventure|Comedy|Family"
"Close Encounters of the Third Kind",1977,7.7,2.35,"Drama|Sci-Fi"
"The Silence of the Lambs",1991,8.6,1.85,"Crime|Drama|Horror|Thriller"
"Wayne's World",1992,7,1.85,"Comedy|Music"
"The Conjuring",2013,7.5,2.35,"Horror|Mystery|Thriller"
"Disturbia",2007,6.9,1.85,"Drama|Mystery|Thriller"
"School of Rock",2003,7.1,1.85,"Comedy|Music"
"The Descendants",2011,7.3,2.35,"Comedy|Drama"
"12 Years a Slave",2013,8.1,2.35,"Biography|Drama|History"
"Edward Scissorhands",1990,7.9,1.85,"Fantasy|Romance"
"Orphan",2009,7,1.85,"Horror|Mystery|Thriller"
"Conan the Barbarian",1982,6.9,2.35,"Adventure|Fantasy"
"Spotlight",2015,8.1,1.85,"Biography|Crime|Drama|History"
"Babel",2006,7.5,1.85,"Drama"
"Team America: World Police",2004,7.2,2.35,"Action|Comedy"
"Milk",2008,7.6,1.85,"Biography|Drama|History"
"High Fidelity",2000,7.6,1.85,"Comedy|Drama|Music|Romance"
"The Bank Job",2008,7.3,2.35,"Crime|Drama|Romance|Thriller"
"Eternal Sunshine of the Spotless Mind",2004,8.3,1.85,"Drama|Fantasy|Romance|Sci-Fi"
"The World's End",2013,7,2.35,"Action|Comedy|Sci-Fi"
"Daybreakers",2009,6.5,2.35,"Action|Horror|Sci-Fi|Thriller"
"She's Out of My League",2010,6.4,2.35,"Comedy|Romance"
"Into the Wild",2007,8.2,2.35,"Adventure|Biography|Drama"
"From Dusk Till Dawn",1996,7.3,1.85,"Crime|Fantasy|Horror"
"21 Grams",2003,7.7,1.85,"Drama"
"Twilight",2008,5.2,2.35,"Drama|Fantasy|Romance"
"Crank: High Voltage",2009,6.2,1.85,"Action|Crime|Sci-Fi|Thriller"
"Equilibrium",2002,7.5,2.35,"Action|Drama|Sci-Fi|Thriller"
"Dances with Wolves",1990,8,2.35,"Adventure|Drama|Western"
"Bad Teacher",2011,5.7,1.85,"Comedy"
"Scream",1996,7.2,2.35,"Horror|Mystery"
"Adaptation.",2002,7.7,1.85,"Comedy|Drama"
"Fear and Loathing in Las Vegas",1998,7.7,2.35,"Adventure|Comedy|Drama"
"Neighbors",2014,6.4,2.35,"Comedy"
"The Mask",1994,6.9,1.85,"Action|Comedy|Crime|Fantasy"
"Big",1988,7.3,1.85,"Comedy|Drama|Family|Fantasy|Romance"
"Borat: Cultural Learnings of America for Make Benefit Glorious Nation of Kazakhstan",2006,7.3,1.85,"Comedy"
"Legally Blonde",2001,6.2,2.35,"Comedy|Romance"
"Bad Santa",2003,7.1,1.85,"Comedy|Crime|Drama"
"Austin Powers: International Man of Mystery",1997,7,2.35,"Comedy|Crime"
"Predator",1987,7.8,1.85,"Action|Horror|Sci-Fi"
"Amadeus",1984,8.3,2.35,"Biography|Drama|History|Music"
"Mean Girls",2004,7,1.85,"Comedy"
"Birdman or (The Unexpected Virtue of Ignorance)",2014,7.8,1.85,"Comedy|Drama|Romance"
"Blue Jasmine",2013,7.3,2.35,"Drama"
"Glory",1989,7.9,1.85,"Drama|History|War"
"127 Hours",2010,7.6,1.85,"Adventure|Biography|Drama|Thriller"
"RocknRolla",2008,7.3,2.35,"Action|Crime|Thriller"
"Superbad",2007,7.6,1.85,"Comedy"
"Hotel Rwanda",2004,8.1,2.35,"Drama|History|War"
"Hitman",2007,6.3,2.35,"Action|Crime|Drama|Thriller"
"The Others",2001,7.6,1.85,"Fantasy|Horror|Thriller"
"Aliens",1986,8.4,1.85,"Action|Adventure|Sci-Fi"
"I Know What You Did Last Summer",1997,5.6,2.35,"Horror|Mystery|Thriller"
"Let's Be Cops",2014,6.5,1.85,"Comedy"
"Sideways",2004,7.5,1.85,"Adventure|Comedy|Drama|Romance"
"Halloween",1978,7.9,2.35,"Horror|Thriller"
"Smokin' Aces",2006,6.7,2.35,"Action|Crime|Drama|Thriller"
"TRON: Legacy",2010,6.8,2.35,"Action|Adventure|Sci-Fi"
"The Hills Have Eyes",2006,6.4,2.35,"Horror"
"Pitch Perfect",2012,7.2,1.85,"Comedy|Music|Romance"
"Evil Dead",2013,6.5,2.35,"Horror"
"The Illusionist",2006,7.6,1.85,"Drama|Mystery|Romance|Thriller"
"The Illusionist",2006,7.6,1.85,"Drama|Mystery|Romance|Thriller"
"Wall Street",1987,7.4,1.85,"Crime|Drama"
"Dead Poets Society",1989,8,1.85,"Comedy|Drama"
"Dumb & Dumber",1994,7.3,1.85,"Comedy"
"When Harry Met Sally...",1989,7.6,1.85,"Comedy|Drama|Romance"
"Road Trip",2000,6.5,1.85,"Comedy"
"Moonrise Kingdom",2012,7.8,1.85,"Adventure|Comedy|Drama|Romance"
"Hot Fuzz",2007,7.9,2.35,"Action|Comedy|Mystery"
"Vicky Cristina Barcelona",2008,7.2,1.85,"Drama|Romance"
"Remember Me",2010,7.2,1.85,"Drama|Romance"
"Philadelphia",1993,7.7,1.85,"Drama"
"Hachi: A Dog's Tale",2009,8.1,1.85,"Drama|Family"
"Beverly Hills Cop",1984,7.3,1.85,"Action|Comedy|Crime"
"Home Alone",1990,7.5,1.85,"Comedy|Family"
"American Beauty",1999,8.4,2.35,"Drama"
"The King's Speech",2010,8,1.85,"Biography|Drama|History|Romance"
"The Imitation Game",2014,8.1,2.35,"Biography|Drama|Thriller|War"
"Mama",2013,6.2,1.85,"Fantasy|Horror"
"Halloween",1978,7.9,2.35,"Horror|Thriller"
"Beetlejuice",1988,7.5,1.85,"Comedy|Fantasy"
"The Woman in Black",2012,6.4,2.35,"Drama|Fantasy|Horror|Thriller"
"The Deer Hunter",1978,8.2,2.35,"Drama|War"
"End of Watch",2012,7.7,1.85,"Crime|Drama|Thriller"
"The Theory of Everything",2014,7.7,2.35,"Biography|Drama|Romance"
"Clash of the Titans",2010,5.8,2.35,"Action|Adventure|Fantasy"
"The Princess Bride",1987,8.1,1.85,"Adventure|Family|Fantasy|Romance"
"Drive",2011,7.8,2.35,"Crime|Drama"
"28 Weeks Later",2007,7,1.85,"Drama|Horror|Sci-Fi"
"Match Point",2005,7.7,1.85,"Drama|Romance|Thriller"
"Boogie Nights",1997,7.9,2.35,"Drama"
"The Place Beyond the Pines",2012,7.3,2.35,"Crime|Drama|Thriller"
"The Hurt Locker",2008,7.6,1.85,"Drama|History|Thriller|War"
"Killing Them Softly",2012,6.2,2.35,"Crime|Thriller"
"One Day",2011,7,2.35,"Drama|Romance"
"Brazil",1985,8,1.85,"Drama|Sci-Fi"
"The Big Lebowski",1998,8.2,1.85,"Comedy|Crime"
"In Bruges",2008,8,2.35,"Comedy|Crime|Drama"
"Kiss Kiss Bang Bang",2005,7.6,2.35,"Comedy|Crime|Mystery"
"Mulholland Drive",2001,8,1.85,"Drama|Mystery|Thriller"
"Never Let Me Go",2010,7.2,2.35,"Drama|Romance|Sci-Fi"
"Groundhog Day",1993,8.1,1.85,"Comedy|Fantasy|Romance"
"Romeo + Juliet",1996,6.8,2.35,"Drama|Romance"
"Unforgiven",1992,8.3,2.35,"Drama|Western"
"Slumdog Millionaire",2008,8,2.35,"Drama|Romance"
"Pretty Woman",1990,6.9,1.85,"Comedy|Romance"
"First Blood",1982,7.7,2.35,"Action|Adventure|Drama"
"Brokeback Mountain",2005,7.7,1.85,"Drama|Romance"
"Teenage Mutant Ninja Turtles",2014,5.9,2.35,"Action|Adventure|Comedy|Sci-Fi"
"Clueless",1995,6.8,1.85,"Comedy|Romance"
"Seven Psychopaths",2012,7.2,2.35,"Comedy|Crime"
"Black Swan",2010,8,2.35,"Drama|Thriller"
"RoboCop",2014,6.2,2.35,"Action|Crime|Sci-Fi|Thriller"
"The Godfather: Part II",1974,9,1.85,"Crime|Drama"
"10 Things I Hate About You",1999,7.2,1.85,"Comedy|Drama|Romance"
"The Butterfly Effect",2004,7.7,1.85,"Sci-Fi|Thriller"
"The Mist",2007,7.2,1.85,"Horror"
"Being John Malkovich",1999,7.8,1.85,"Comedy|Drama|Fantasy"
"Room",2015,8.3,2.35,"Drama"
"The Perks of Being a Wallflower",2012,8,1.85,"Drama|Romance"
"True Romance",1993,8,2.35,"Action|Crime|Drama|Romance|Thriller"
"Lars and the Real Girl",2007,7.4,1.85,"Comedy|Drama|Romance"
"The Boy in the Striped Pajamas",2008,7.8,1.85,"Drama|War"
"Machete",2010,6.7,1.85,"Action|Crime|Thriller"
"Jaws",1975,8,2.35,"Adventure|Drama|Thriller"
"American Pie",1999,7,1.85,"Comedy"
"Ace Ventura: Pet Detective",1994,6.9,1.85,"Comedy"
"Jackie Brown",1997,7.5,1.85,"Crime|Thriller"
"Harold & Kumar Escape from Guantanamo Bay",2008,6.6,1.85,"Adventure|Comedy"
"Chronicle",2012,7.1,1.85,"Drama|Sci-Fi|Thriller"
"Project X",2012,6.7,1.85,"Comedy|Crime"
"The Fault in Our Stars",2014,7.8,1.85,"Drama|Romance"
"Rounders",1998,7.4,2.35,"Crime|Drama"
"About Time",2013,7.8,2.35,"Drama|Fantasy|Romance"
"Snatch",2000,8.3,1.85,"Comedy|Crime"
"Star Wars: Episode IV - A New Hope",1977,8.7,2.35,"Action|Adventure|Fantasy|Sci-Fi"
"The Fighter",2010,7.9,2.35,"Biography|Drama|Sport"
"Phone Booth",2002,7.1,2.35,"Crime|Thriller"
"A Walk to Remember",2002,7.4,2.35,"Drama|Romance"
"Cruel Intentions",1999,6.9,1.85,"Drama|Romance"
"Army of Darkness",1992,7.6,1.85,"Comedy|Fantasy|Horror"
"What's Eating Gilbert Grape",1993,7.8,1.85,"Drama|Romance"
"Poltergeist",1982,7.4,2.35,"Fantasy|Horror"
"E.T. the Extra-Terrestrial",1982,7.9,1.85,"Family|Sci-Fi"
"Good Will Hunting",1997,8.3,1.85,"Drama"
"Saw III",2006,6.2,1.85,"Horror|Mystery"
"Saw IV",2007,5.9,1.85,"Horror|Mystery"
"The Grudge",2004,5.9,1.85,"Horror|Mystery|Thriller"
"Happy Gilmore",1996,7,1.85,"Comedy|Sport"
"Mad Max Beyond Thunderdome",1985,6.2,2.35,"Action|Adventure|Sci-Fi|Thriller"
"Commando",1985,6.7,1.85,"Action|Adventure|Thriller"
"Devil",2010,6.3,2.35,"Horror|Mystery|Thriller"
"Snatch",2000,8.3,1.85,"Comedy|Crime"
"Dogma",1999,7.4,2.35,"Adventure|Comedy|Drama|Fantasy"
"Rushmore",1998,7.7,2.35,"Comedy|Drama"
"Mud",2012,7.4,2.35,"Drama"
"Office Space",1999,7.8,1.85,"Comedy"
"The Tourist",2010,6,2.35,"Action|Romance|Thriller"
"Crash",2004,7.9,2.35,"Crime|Drama|Thriller"
"Adventureland",2009,6.8,1.85,"Comedy|Drama|Romance"
"Melancholia",2011,7.1,2.35,"Drama|Sci-Fi"
"Alien",1979,8.5,2.35,"Horror|Sci-Fi"
"Harold & Kumar Go to White Castle",2004,7.1,1.85,"Adventure|Comedy"
"Trading Places",1983,7.5,1.85,"Comedy"
"The Karate Kid",1984,7.2,1.85,"Action|Drama|Family|Sport"
"Pulp Fiction",1994,8.9,2.35,"Crime|Drama"
"Nightcrawler",2014,7.9,2.35,"Crime|Drama|Thriller"
"The Sound of Music",1965,8,2.35,"Biography|Drama|Family|Musical|Romance"
"Little Miss Sunshine",2006,7.9,2.35,"Comedy|Drama"
"Stand by Me",1986,8.1,1.85,"Adventure|Drama"
"28 Days Later...",2002,7.6,1.85,"Drama|Horror|Sci-Fi|Thriller"
"50/50",2011,7.7,1.85,"Comedy|Drama|Romance"
"Syriana",2005,7,2.35,"Drama|Thriller"
"American Psycho",2000,7.6,2.35,"Crime|Drama"
"Easy A",2010,7.1,1.85,"Comedy|Romance"
"It's Kind of a Funny Story",2010,7.2,1.85,"Comedy|Drama|Romance"
"Thank You for Smoking",2005,7.6,2.35,"Comedy|Drama"
"An Education",2009,7.3,2.35,"Drama"
"Crash",2004,7.9,2.35,"Crime|Drama|Thriller"
"Spider-Man 3",2007,6.2,2.35,"Action|Adventure|Romance"
"Juno",2007,7.5,1.85,"Comedy|Drama|Romance"
"The Godfather",1972,9.2,1.85,"Crime|Drama"
"500 Days of Summer",2009,7.7,2.35,"Comedy|Drama|Romance"
"Magic Mike",2012,6.1,2.35,"Comedy|Drama"
"Definitely, Maybe",2008,7.2,2.35,"Comedy|Drama|Romance"
"The Great Gatsby",2013,7.3,2.35,"Drama|Romance"
"Capote",2005,7.4,2.35,"Biography|Crime|Drama"
"Desperado",1995,7.2,1.85,"Action|Crime|Thriller"
"The Descent",2005,7.2,2.35,"Adventure|Horror|Thriller"
"Skyfall",2012,7.8,2.35,"Action|Adventure|Thriller"
"A Serious Man",2009,7,1.85,"Comedy|Drama"
"Dazed and Confused",1993,7.7,1.85,"Comedy"
"Layer Cake",2004,7.4,2.35,"Crime|Drama|Thriller"
"The Terminator",1984,8.1,1.85,"Action|Sci-Fi"
"Grease",1978,7.2,2.35,"Musical|Romance"
"Platoon",1986,8.1,1.85,"Drama|War"
"Fahrenheit 9/11",2004,7.5,1.85,"Documentary|Drama|War"
"The Usual Suspects",1995,8.6,2.35,"Crime|Drama|Mystery|Thriller"
"The Wrestler",2008,7.9,2.35,"Drama|Sport"
"The Last King of Scotland",2006,7.7,2.35,"Biography|Drama|History|Thriller"
"The Virgin Suicides",1999,7.2,1.85,"Drama|Romance"
"The Sting",1973,8.3,1.85,"Comedy|Crime|Drama"
"Don Jon",2013,6.6,2.35,"Comedy|Drama|Romance"
"Insidious: Chapter 2",2013,6.6,2.35,"Fantasy|Horror|Thriller"
"Saw II",2005,6.6,1.85,"Horror|Mystery"
"10 Cloverfield Lane",2016,7.3,2.35,"Drama|Horror|Mystery|Sci-Fi|Thriller"
"Monster",2003,7.3,1.85,"Biography|Crime|Drama|Thriller"
"Dallas Buyers Club",2013,8,2.35,"Biography|Drama"
"The Way Way Back",2013,7.4,1.85,"Comedy|Drama"
"My Big Fat Greek Wedding",2002,6.6,1.85,"Comedy|Family|Romance"
"Spring Breakers",2012,5.3,2.35,"Crime|Drama"
"Shaun of the Dead",2004,8,2.35,"Comedy|Horror"
"Once Upon a Time in the West",1968,8.6,2.35,"Western"
"Moon",2009,7.9,2.35,"Drama|Mystery|Sci-Fi"
"The Machinist",2004,7.7,2.35,"Drama|Thriller"
"Tucker and Dale vs Evil",2010,7.6,2.35,"Comedy|Horror"
"Hostel",2005,5.9,2.35,"Horror"
"25th Hour",2002,7.7,2.35,"Drama"
"Donnie Darko",2001,8.1,2.35,"Drama|Sci-Fi|Thriller"
"One Flew Over the Cuckoo's Nest",1975,8.7,1.85,"Drama"
"Lost in Translation",2003,7.8,1.85,"Drama"
"Exodus: Gods and Kings",2014,6.1,2.35,"Action|Adventure|Drama"
"The Kids Are All Right",2010,7.1,1.85,"Comedy|Drama"
"Boyhood",2014,8,1.85,"Drama"
"Planet of the Apes",2001,5.7,2.35,"Action|Adventure|Sci-Fi|Thriller"
"Network",1976,8.1,1.85,"Drama|Romance"
"Unknown",2011,6.9,2.35,"Action|Mystery|Thriller"
"Airplane!",1980,7.8,1.85,"Comedy"
"The Watch",2012,5.7,2.35,"Action|Comedy|Sci-Fi"
"A Christmas Story",1983,8.1,1.85,"Comedy|Family"
"Rosemary's Baby",1968,8,1.85,"Drama|Horror"
"Trainspotting",1996,8.2,1.85,"Drama"
"The Purge",2013,5.7,2.35,"Horror|Sci-Fi|Thriller"
"Sinister",2012,6.8,2.35,"Horror|Mystery"
"The Bridge on the River Kwai",1957,8.2,2.35,"Adventure|Drama|War"
"Alice in Wonderland",2010,6.5,1.85,"Adventure|Family|Fantasy"
"Cinderella",2015,7,2.35,"Drama|Family|Fantasy|Romance"
"Garden State",2004,7.6,2.35,"Comedy|Drama|Romance"
"Before Sunrise",1995,8.1,1.85,"Drama|Romance"
"The Spectacular Now",2013,7.1,2.35,"Comedy|Drama|Romance"
"Idiocracy",2006,6.6,1.85,"Adventure|Comedy|Sci-Fi"
"It Follows",2014,6.9,2.35,"Horror|Mystery"
"Before Sunset",2004,8,1.85,"Drama|Romance"
"Winter's Bone",2010,7.2,1.85,"Drama"
"Buried",2010,7,2.35,"Drama|Mystery|Thriller"
"Carrie",2013,5.9,2.35,"Drama|Fantasy|Horror"
"Dawn of the Dead",2004,7.4,2.35,"Action|Horror|Thriller"
"Insidious",2010,6.8,2.35,"Fantasy|Horror|Mystery|Thriller"
"Jack Reacher",2012,7,2.35,"Action|Crime|Mystery|Thriller"
"Lock, Stock and Two Smoking Barrels",1998,8.2,1.85,"Comedy|Crime"
"Saw",2004,7.7,1.85,"Horror|Mystery|Thriller"
"The Day the Earth Stood Still",2008,5.5,2.35,"Drama|Sci-Fi|Thriller"
"Lucky Number Slevin",2006,7.8,2.35,"Crime|Drama|Mystery|Thriller"
"Reservoir Dogs",1992,8.4,2.35,"Crime|Drama|Thriller"
"Taxi Driver",1976,8.3,1.85,"Crime|Drama"
"Juno",2007,7.5,1.85,"Comedy|Drama|Romance"
"The Lovely Bones",2009,6.7,2.35,"Drama|Fantasy|Thriller"
"Hard Candy",2005,7.1,2.35,"Crime|Drama|Thriller"
"Safety Not Guaranteed",2012,7,2.35,"Comedy|Drama|Romance"
"King Kong",2005,7.2,2.35,"Action|Adventure|Drama|Romance"
"Oz the Great and Powerful",2013,6.4,2.35,"Adventure|Family|Fantasy"
"Napoleon Dynamite",2004,6.9,1.85,"Comedy"
"Paranormal Activity",2007,6.3,1.85,"Horror"
"What Happens in Vegas",2008,6.1,2.35,"Comedy|Romance"
"Halloween",1978,7.9,2.35,"Horror|Thriller"
"Chasing Amy",1997,7.3,1.85,"Comedy|Drama|Romance"
"Cube",1997,7.3,1.85,"Mystery|Sci-Fi|Thriller"
"Mad Max",1979,7,2.35,"Action|Adventure|Sci-Fi|Thriller"
"Side Effects",2013,7.1,1.85,"Crime|Drama|Thriller"
